{
    "played_at": {
        "0": 1667260800000,
        "1": 1667347200000,
        "2": 1667433600000,
        "3": 1667520000000,
        "4": 1667606400000
    },
    "major_sum": {
        "0": 0,
        "1": 2,
        "2": 12,
        "3": 1,
        "4": 5
    },
    "minor_sum": {
        "0": 3,
        "1": 0,
        "2": 12,
        "3": 1,
        "4": 8
    },
    "unconf_sum": {
        "0": 1,
        "1": 0,
        "2": 3,
        "3": 0,
        "4": 2
    },
    "happyness_index": {
        "0": 0.0,
        "1": 1.0,
        "2": 0.4444444444,
        "3": 0.5,
        "4": 0.3333333333
    },
    "sadness_indes": {
        "0": 0.0,
        "1": 1.0,
        "2": 0.4444444444,
        "3": 0.5,
        "4": 0.3333333333
    }
}